{"train_loss":0.3039975495458575,"epoch":30,"_wandb":{"runtime":2963},"_timestamp":1.7509393596035452e+09,"_runtime":2302.261193,"_step":29}