{"train_loss":12.149349251555567,"epoch":30,"_timestamp":1.7509478941721458e+09,"_runtime":2010.685142,"_step":29,"_wandb":{"runtime":2617}}