{"_timestamp":1.750893355766952e+09,"_runtime":1974.548555,"_step":29,"_wandb":{"runtime":2796},"train_loss":21.45295589440552,"epoch":30}