{"_wandb":{"runtime":2574},"epoch":30,"_timestamp":1.750953904874526e+09,"_runtime":2429.467676,"_step":29,"train_loss":11.953384282595266}