{"epoch":30,"_timestamp":1.750966110464664e+09,"_runtime":2326.384069,"_step":29,"_wandb":{"runtime":4835},"train_loss":0.6188688701340868}