{"_timestamp":1.7509634401624398e+09,"_wandb":{"runtime":2407},"_runtime":2065.103501,"_step":29,"train_loss":0.30469728075015545,"epoch":30}