{"_wandb":{"runtime":2564},"_timestamp":1.7508903673853261e+09,"_runtime":2024.08645,"_step":29,"train_loss":20.25346551267795,"epoch":30}