{"_wandb":{"runtime":2937},"train_loss":13.27437725277909,"epoch":30,"_timestamp":1.7509504894616692e+09,"_runtime":1952.220626,"_step":29}