{"_runtime":1955.6576,"_step":29,"train_loss":0.18889737117258962,"epoch":30,"_wandb":{"runtime":2353},"_timestamp":1.750902146062929e+09}