{"_timestamp":1.750904505919488e+09,"_runtime":1942.832924,"_wandb":{"runtime":34490},"_step":29,"train_loss":0.16768796015023799,"epoch":30}