{"epoch":30,"_timestamp":1.7509607031752949e+09,"_runtime":2003.464087,"_step":29,"_wandb":{"runtime":2648},"train_loss":0.3291532950313214}